{
  "project_info": {
    "project_number": "705812247367",
    "firebase_url": "https://mentaland-36c05.firebaseio.com",
    "project_id": "mentaland-36c05",
    "storage_bucket": "mentaland-36c05.appspot.com"
  },
  "client": [
    {
      "client_info": {
        "mobilesdk_app_id": "1:705812247367:android:937784d372bd7a72b01262",
        "android_client_info": {
          "package_name": "com.example.myapplication"
        }
      },
      "oauth_client": [
        {
          "client_id": "705812247367-et5a8bb1t4uggbh3a48gksspnnvn85se.apps.googleusercontent.com",
          "client_type": 3
        }
      ],
      "api_key": [
        {
          "current_key": "AIzaSyAFpWGewQ6AIFGEr8szFfNaZRPSQB1CD5w"
        }
      ],
      "services": {
        "appinvite_service": {
          "other_platform_oauth_client": [
            {
              "client_id": "705812247367-et5a8bb1t4uggbh3a48gksspnnvn85se.apps.googleusercontent.com",
              "client_type": 3
            }
          ]
        }
      }
    }
  ],
  "configuration_version": "1"
}